first_name,middle_name,last_name
Ashlee,Barnard,Hasley
Tybalt,Gaspard,Pinnigar
Ysabel,Chevy,Matthewson
Errick,Gisella,Blade
Gottfried,Tamqrah,Sampson
Tomaso,Gwen,Torns
Ker,Astra,Burbank
Jinny,Kelby,Bocking
Kennedy,Marie,Mallan
Janeva,Phebe,Wignall
Pier,Armstrong,Dobrovolny
Mozelle,Amii,Southern
Lea,Amabelle,Stabbins
Mattie,Willi,Dodwell
Freddie,Cheston,Oganesian
Fawne,Dora,Croxon
Dehlia,Kippie,Rainforth
Lars,Gaile,Costigan
Wilden,Melitta,Vahey
Katleen,Dierdre,Giffen
Jack,Cass,Arundel
Rozina,Chadwick,Phelan
Gherardo,Almeda,Johananoff
Davin,Raymond,Maudlin
Gal,Lucio,Armiger
Port,Gannon,Mc Curlye
Tamarra,Elisabetta,Servante
Pattin,Lindi,Stedell
Ottilie,Jarred,Glisane
Claiborne,Allyce,Schimank
Griz,Penelopa,Tenbrug
Myrta,Lissi,Humphrys
Tonya,Michelle,Maceur
Orelie,Gusty,Dunsmuir
Artair,Chalmers,Pizzey
Minette,Rollin,Brader
Doralin,Merrill,Walstow
Burke,Gerardo,Gurnell
Rhetta,Geoffry,Eassom
Dietrich,Lib,McGlone
Jay,Evangelina,Brasier
Frederik,Austen,Charopen
Rayner,Dita,Ragbourn
Doug,Dalli,Deaville
Torey,Den,Erswell
Sib,Zondra,Musla
Giorgio,Helenelizabeth,Dobrovolny
Horst,Donnell,Suatt
Bank,Town,Cristol
Dilly,Abagail,Munn
Hope,Benetta,Storck
Hailee,Kingston,Maryon
Joseito,Belinda,Dronsfield
Kissie,Paloma,Tuplin
Roddie,Ezra,Holley
Jenn,Ranee,Braizier
Jena,Bette-ann,Crasford
Georgi,Cam,Creagh
Hunt,Husein,Nobles
Theodosia,Deidre,Tanton
Bernie,Sheffield,Peddar
Ulrikaumeko,Morgan,Joriot
Jenine,Delphinia,Clausson
Paxton,Leonardo,Caddick
Trev,Allix,Hothersall
Mariann,Jackie,Batalle
Amory,Roman,Gain
Margarita,Edita,Gaudin
Mauricio,Eustace,Roose
Maisey,Nerte,Vigers
Danice,Hobie,Bungey
Valaria,Parrnell,Tremayne
Tracie,Emyle,Coldman
Leann,Michel,Crosher
Maure,Meyer,Pilsbury
Reider,Guillema,Kornyshev
Tiffy,Ruthanne,Maass
Hugues,Chlo,Carnier
Orly,Jeannette,Whiston
Gamaliel,Catharina,Tortice
Anabal,Sherill,Gilvary
Kamila,Othello,Coxwell
Charleen,Rachel,Highman
Georgie,Quinton,Demelt
Husain,Frannie,Callington
Caressa,Merissa,Darycott
Vittoria,Karina,MacGray
Philippe,Blakeley,Aleksandrev
Homerus,Wilow,McArt
Mic,Rinaldo,Haycroft
Gregorius,Leona,Binnall
Leone,Brigida,Thandi
Sophi,Stearn,Moorcroft
Susannah,Dillie,Manifold
Kahaleel,Derry,Rumin
Gabe,Bearnard,Meekin
Georgena,Garrik,Clowney
Gabriel,Alecia,MacAllen
Ransom,Eugene,Kennifick
Liane,Mirna,Eite
Kristien,Giustina,Hanhardt
Melita,Charmion,Senechell
Granger,Grier,Larvor
Antonia,Morlee,Bodycombe
Deana,Elicia,Gonthard
Willy,Tedman,Mordecai
Sinclare,Audy,Matuszak
Heath,Nert,Beattie
Miner,Todd,Gann
Uriah,Uriah,Weatherhogg
Selina,Deana,Leatherland
Elane,Wallas,Setch
Phebe,Gwyn,De la Eglise
Murial,Kristel,Zimmer
Bertha,Jorgan,McCarver
Ingmar,Piper,Ferris
Linnell,Had,Backshell
Mei,Jordon,Coombs
Felix,Minnaminnie,Talboy
Grata,Den,Acreman
Jed,Basile,Pittoli
Rosalie,Riley,Panketh
Brian,Olivier,Mason
Elton,Rosita,Tylor
Terence,Corrie,Treleven
Codie,Gwenore,Sodory
Donall,Karie,Jutson
Philis,Uri,Verbrugge
Warren,Ian,Ladbrooke
Roman,Linn,Patrickson
Friederike,Antons,Frowd
Sarina,Norry,Palmby
Karilynn,Lacie,Klesse
Angel,Ky,Shimuk
Rahal,Abdel,Doerrling
Christiano,Merlina,Vannozzii
Elisabeth,Balduin,Foakes
Tristan,Clyve,Farron
Even,Melli,Glantz
Saleem,Garik,Thornthwaite
Winnie,Ronnie,Dales
Reginauld,Judy,Hempel
Temp,Albertina,Beniesh
Alfie,Miranda,Feaks
Linet,Valentino,Heaker
Zolly,Minnie,Radsdale
Shelby,Rand,Richter
Martelle,Catherin,Rugieri
Alfred,Nanete,Mityashin
Donna,Constantina,Wager
Shelton,Cynthie,Osmint
Putnam,Tatiania,Chatres
Raul,Fay,MacCosty
Rouvin,Esteban,Sisneros
Noel,Kiri,Langthorne
Rudy,Magdalen,Kerwin
Morgan,Karia,Birtle
Parsifal,Gilda,Vashchenko
Raimundo,Jae,Firby
Clarance,Constance,Fallowes
Vergil,Cele,Marmion
Arnuad,Jeralee,Hannan
Felice,Sydelle,Davidovic
Gerda,Chrissie,Yanez
Gianna,Chariot,Mumm
Karin,Vilhelmina,Marland
Bess,Aldo,Enrietto
Sal,Ilysa,Mc Curlye
Annissa,Willamina,Kareman
Galvin,Rockwell,Kettel
Geraldine,Andi,Lukock
Nataline,Aubrey,Branchett
Bess,Harley,Endricci
Jenda,Sylvan,Airy
Kare,Trude,Tucknott
Linus,Kristopher,Bodell
Kacie,Niki,Berdale
Rance,Mag,Forbear
Alene,Arnold,Pentony
Rae,Stacia,Twittey
Vina,Lotti,Gilroy
Kermie,Alley,Tulleth
Meta,Lurline,Northridge
Cathrin,Daniela,Sketh
Vincents,Burch,Rigeby
Ina,Antonietta,Euler
Bernard,Sandi,Loreit
Hortensia,Demetrius,Melmore
Sullivan,Lyndy,Inglese
Finley,Desmund,Brinkworth
Cam,Chen,Wondraschek
Daisy,Eula,Yanson
Leontine,Allegra,Brobak
Stefanie,Vale,Myrkus
Norry,Loren,Sammut
Letty,Cookie,Coatsworth
Roana,Giuseppe,Cheverton
Drugi,Sheena,Cogdell
Dagny,Damita,Samways
Shara,Brittney,Leschelle
Gilli,Rebekah,Brokenshire
Emelina,Leora,Hulk
Tabatha,Beatriz,Pulfer
Aldo,Hilary,Duckerin
Sonya,Wiley,Pulman
Abram,Danya,Formoy
Alard,Lammond,Peasgood
Geoffrey,Berry,Andrejevic
Morgen,Harwell,Cocking
Tessa,Addy,Leat
Gerda,Katalin,McIsaac
Cullin,Jeffrey,Goldster
Pryce,Loria,Reuble
Alfonse,Erik,Brightman
Jordan,Fanya,Skellorne
Magdaia,Heall,Hefford
Tiler,Martyn,Berkley
Junina,Helene,Weekes
Jaye,Jone,Yeowell
Gaultiero,Iseabal,Blasgen
Cindra,Fanchon,Vicar
Suzy,Jillana,Liccardo
Nerissa,Kore,Hordell
Dall,Clareta,Dearell
Arnold,Ruprecht,Mendonca
Kali,Culley,Medland
Hobard,Andrea,Dredge
Kathryne,Sigfried,Bein
Griffie,Torr,Kraut
Stephie,Carlynn,O'Kelly
Cam,Asia,Chessman
Russell,Julieta,Caile
Dael,Tara,Clack
Britte,Ryley,Battie
Knox,Jeremie,Eakens
Herrick,Marja,Hillin
Ingrim,Dwight,Dryburgh
Kalil,Nan,Tongue
Danica,Penny,Toppes
Alexandros,Rita,Schoenleiter
Beryl,Sarita,Iliffe
Kyla,Natasha,Grundwater
Freeman,Sibyl,Shapcote
Maitilde,Iain,Boutflour
Joe,Waring,Cotte
Dottie,Giacopo,Rubinfeld
Oliver,Karola,Cocker
Kliment,Gabriele,Olenov
Kathleen,Priscella,Pusey
Amandy,Wenona,Yesipov
Effie,Shayla,Moneypenny
Lauri,Jori,Franssen
Julina,Gabriel,Teideman
Marcus,Reece,Acum
Eveline,Umeko,Bogies
Paddie,Gnni,Conibere
Coriss,Giana,Mehmet
Maury,Michail,Frangione
Catlin,Margarita,Mowbray
Gawen,Dom,Smurfitt
Erwin,Aldric,Marty
Luisa,Thoma,Dabels
Bertrando,Elli,Burder
Fremont,Lynda,Sidgwick
Agnese,Bliss,Honig
Maire,Nicholas,Hutable
Tod,Fiorenze,Laydel
Dominica,Carie,Dyson
Devan,Genevra,Exter
Terry,Abraham,Tonner
Jacklyn,Winny,Ruperto
Kristoforo,Baird,Currie
Felicia,Brooks,Rawcliff
Larry,Pate,Shoveller
Jaquenette,Sigfrid,Lesly
Ashien,Babs,Linkin
Enrika,Claudie,Yakobowitch
Holly,Horace,Wands
Aeriell,Scott,Hartshorne
Tarrah,Milo,Manon
Mercy,Elianora,Sayre
Eachelle,Kaspar,Tayspell
Melina,Peterus,Nel
Binnie,Jedd,Mowles
Alma,Wenda,Coombe
Liz,Emelen,Odcroft
Hinze,Stefa,Whittington
Kristyn,Andonis,O' Liddy
Emmeline,Carney,Lilley
Antonetta,Atlante,Dumbellow
Karrah,Clarence,Summerside
Edin,Izaak,Doonican
Barbaraanne,Wendall,Cowl
King,Rica,Meeron
Temp,Bebe,Lobe
Alain,Dannel,Bruhnsen
Franklyn,Alaine,Wailes
Min,Darcey,Gommes
Hunt,Ingram,Gresly
Ayn,Rochette,Cregeen
Sarajane,Francois,Verriour
Giselbert,Riordan,Manuele
Aurora,Perice,Mar
Melanie,Alia,Rutherford
Dotti,Laina,Donnel
Brenn,Adamo,Carbert
Caterina,Alana,Symons
Kaspar,Kellia,Gascard
Ryan,Evered,Scrivenor
Kamilah,Latia,Crutchley
Nickolas,Ichabod,O'Dyvoie
Mischa,Guglielmo,Eplett
Rogers,Shannon,Rames
Monti,Cookie,Plevey
Carry,Rebeka,Gorriessen
Loretta,Lynn,Pitt
Allsun,Gussy,Lief
Clare,Hayden,Slateford
Franzen,Robby,Bergen
Misty,Bryn,Carding
Alyda,Lily,Mcall
Thatch,Fredrick,Stobbe
Obadiah,Nancey,Blakebrough
Wyndham,Helena,Micklewright
Kelcy,Finley,Dower
Dusty,Stacee,Philps
Iorgos,Normie,Iashvili
Jobie,Evie,Haly
Coleen,Udale,Peachman
Dallas,Elianore,Lukianovich
Lusa,Alasteir,Virr
Ronald,Susanne,Greenslade
Dmitri,Husain,Hornung
Talia,Krista,Tomasello
Rodney,Lorilyn,Walczak
Curran,Elsbeth,Emons
Gusty,Kelsey,Beetles
Catharine,Manny,MacGown
Roy,Yorgos,Goathrop
Petr,Claudelle,Andrejs
Guntar,Aylmer,Puttock
Chucho,Asia,O'Scannill
Pru,Salomon,Wraxall
Margarethe,Paule,Tothe
Brianne,Dexter,Rebeiro
Scot,Tracy,Abramsky
Enoch,Dawna,Tribell
Putnem,Elaina,Jeans
Clari,Kittie,Trouel
Vidovic,Stevana,Trussler
Orlan,Ezra,Water
Dusty,Martina,Garroway
Ealasaid,Kile,Sagg
Addy,Leah,Ansill
Devy,Claudius,Toulmin
Maria,Nicholas,Tomasoni
Gert,Berenice,Jorczyk
Teddi,Roberto,Ploughwright
Dayna,Bailie,Honig
Puff,Phineas,Kither
Henrietta,Christoffer,Simpole
Candida,Aprilette,Bremley
Phil,Laurice,Selly
Tan,Eadie,Booker
Torr,Tess,Huonic
Morganne,Xymenes,Mitcheson
Augustine,Corrinne,Boxell
Pamella,Ursola,Ourry
Mechelle,Victor,Lunn
Arabele,Ricki,Terrill
Demetria,Nico,Bosanko
Emile,Janna,Hollingshead
Rodrique,Melody,Klousner
Babbie,Anselm,Cannan
Mayne,Toma,Pagel
Lanna,Maurise,Reford
Row,Pattin,Douthwaite
Dede,Hamid,Tooley
Madlen,Rollin,Totaro
Ollie,Angel,Casbourne
Lavinia,Chrystal,Pentecost
Camel,Shirlee,Toffolo
Bailie,Emile,Jancey
Grange,Trixie,Woodard
Brandy,Aida,Wyllt
Blondie,Dulcia,Meneur
Rahal,Lexy,Yukhnev
Cory,Jason,Lyver
Olga,Shirline,Marcinkus
Ross,Marleen,Josephsen
Gabriella,Blayne,Matuszynski
Cherianne,Tony,Endon
Winonah,Yankee,O'Carmody
Eudora,Kelly,Barkhouse
Zondra,Matilde,Eskell
Aridatha,Rhetta,Krimmer
Car,Claus,Markie
Regina,Locke,Pawlowicz
Donielle,Gracia,Chave
Jefferey,Rivi,Lots
Olympia,Amelia,Westfalen
Fern,Tonye,Goldster
Lari,Gaile,Rudd
Krystal,Sasha,Postles
Thornie,Gib,Hanmer
Jasen,Alexandr,Brach
Melisande,Christian,Gobell
Burke,Cosimo,Knighton
Junette,Cherye,Nottle
Alexander,Gordy,Kurtis
Kayla,Gerda,Robshaw
Page,Elly,Odgaard
Hilda,Mathian,Bensusan
Adrien,Alvin,Parrott
Tasha,Madlin,Josovitz
Kaitlynn,Erminia,Izon
Urbano,Farra,Barends
Daniela,Lilla,Rubinsohn
Jorey,Wilmar,Ladell
Wells,Alysa,Haskell
Dorelle,Etan,Ollivier
Janet,Meredithe,Schoenleiter
Maisie,Izak,Wharlton
Kerianne,Fitz,Kynett
Rivalee,Minta,Arthars
Ailis,Penny,Antoszewski
Cherise,Trudi,Charkham
Karen,Lorne,Dursley
Wit,Parnell,Ruttgers
Jaquenette,Ava,Hucklesby
Shaine,Stu,Landells
Caritta,Raye,Balham
Fidelio,Corilla,Relfe
Pandora,Shanie,Reisenberg
Rowena,Parke,Dautry
Richie,Warner,Keeping
Betsy,Zachary,Mathys
Selle,Sondra,Leedes
Janot,Carce,Banbrick
Cher,Nickey,Baldacco
Darrick,Trudie,Stoneham
Olivero,Melitta,Hughes
Theo,Alejandro,Castelletto
Jemima,Kalli,Dikles
Leeland,Alys,Emeney
Dannie,Wanids,Corbyn
Ina,Moyna,Shelly
Stanly,Adam,Rolstone
Bernardo,Fax,Darycott
Gustavo,Cecilius,Filyukov
Randy,Gerald,Bearham
Andonis,Madel,Helder
Avivah,Oswald,Priditt
Alexandr,Brooks,Ghilardini
Padraic,Gertrude,Cobb
Silas,Jacquette,Borrow
Arluene,Guilbert,Jore
Goldy,Eilis,Cushe
Baryram,Gothart,Ancliff
Nikos,Wylma,Nudde
Alan,Lyle,Vigne
Anallese,Vera,MacAnellye
Orville,Libbey,Pickin
Inger,Wiatt,Letixier
Lionel,Jackelyn,Braker
Jolie,Fae,Crawshay
Doug,Rozanne,Chazelas
Nessa,Rebecka,Cohn
Carlin,Townsend,Havercroft
Ursola,Townie,Olivella
Nancie,Garey,Fateley
Devlin,Babbette,Geale
Brocky,Vannie,Goodship
Braden,Carolann,Deeth
Martainn,Raquela,Jouanet
Rosa,Darnell,Cawdery
Crichton,Stillmann,Gleadle
Christiane,Keriann,Lehrian
Briano,Gan,Tabart
Carmelita,Gratia,Corstan
Susette,Chiquita,Rollinshaw
Cordy,Joey,Pietersen
Luce,Neile,Sterrick
Matilde,Merwin,Doche
Den,Obed,Morsley
Nikki,Marchelle,Muckeen
Roxanne,Meredithe,McGlashan
Mychal,Jojo,Fronek
Orelee,Vanna,Whitfield
Jorey,Donny,Eglise
Corabelle,Leigha,O'Shiel
Godfree,Adda,Newlan
Lucita,Bernie,Cowins
Josefina,Jeffy,Alphege
Tremayne,Maudie,Michael
Cordell,Roddie,Lapides
Nicholas,Sibel,Winspar
Erick,Tammie,Blitz
Rita,Maggi,Goodbarr
Carolyn,Emile,Hemshall
Bonnie,Dorthea,Faichnie
Gwen,Alfy,Abrami
Letizia,Christin,Echelle
Titus,Rosemonde,Tomkin
Ulrich,Dewain,Mosen
Zonnya,Dill,Refford
Raff,Courtney,Casebourne
Daryl,Tracie,MacDermand
Cynthea,Star,Gooden
Jess,Adrianna,Keyson
Blane,Inness,Gregorace
Reina,Patrizio,Kalinsky
Phillip,Jonis,Reedick
Latrena,Crista,Sentinella
Tera,Armando,Jewitt
Germaine,Kliment,Tace
Cinnamon,Keri,Coggins
Rana,Guglielma,Occleshaw
Emmy,Terrijo,Learoid
Andros,Cherey,Kobera
Tasha,Jessamyn,O'Carran
Gregory,Ilse,Foltin
Rahal,Wilmar,Andover
Rafaellle,Hercule,Leavesley
Byrle,Nevins,Heild
Augie,Yoko,Snook
Noelyn,Aloisia,Brik
Anna-diane,Tommy,Ramsbotham
Tannie,Franky,Hembrow
Leroi,Jennifer,Goodfellow
Britt,Kelly,Sorensen
Lilah,Wylie,MacEntee
Christiane,Orland,Mac
Lucais,Fonzie,Bloxham
Althea,Kristo,Branche
Gavrielle,Jaquenette,O'Hartnett
Janith,Hazlett,Urian
Frants,Linell,Elias
Dex,Marrilee,Foucar
Kerr,Rina,Buckenhill
Jan,Berky,Scothorne
Leonardo,Arda,Toulmin
Hilly,Nanon,Dorricott
Boone,Sallyanne,Stodart
Arte,Roger,Ogle
Shellysheldon,Rolph,Wegman
Brooks,Deeann,Iacovo
Tris,Babita,Smorthwaite
Selina,Ree,Gimeno
Darwin,Agnesse,Hanton
Arnoldo,Aggy,Ramshay
Milissent,Moira,Healings
Guendolen,Vivianne,MacColgan
Kim,Derby,Arundel
Olly,Olive,Phelp
Noni,Lorry,Loram
Mariann,Maritsa,Easeman
Dalston,Roberta,Morot
Tad,Jermayne,Justis
Hurlee,Emmye,Gouldstone
Kial,Rycca,Granville
Jerald,Tracy,Kiraly
Cacilia,Rhiamon,Dilawey
Raine,Sunshine,Callf
Cosme,Konstantine,Clough
Candace,Beret,Manns
Lydia,Ted,Ramm
Reynard,Dulcine,Borrow
Prentice,Bendite,Brotheridge
Wit,Kizzee,Morlon
Dale,Maddi,Hamly
Joshuah,Teodor,Storer
Arden,Annelise,Hawkeswood
Corliss,Casi,Fairchild
Judie,Delano,Trusler
Gard,Roxy,Wermerling
Chalmers,Lynde,Brahm
Nari,Jodi,Stendall
Jorry,Merle,McQuillen
Betsy,Estrella,Rickards
Isidore,Palmer,Champion
Merilyn,Neille,Blackham
Skippie,Halette,Storch
Trina,Bordie,Alsina
Robbert,Daisy,Matteoli
Ivor,Nicoline,Filipowicz
Rafaello,Ynez,Marrable
Muire,Britt,Dockwray
Katlin,Nettie,Taudevin
Shawn,Augustus,Mateo
Bealle,Ole,Garwill
Lancelot,Elane,Bielfeld
Sandy,Roana,Henryson
Melissa,Jeremy,Pulster
Lucinda,Morissa,Rowbury
Kippy,Bathsheba,Leades
Gael,Allie,Pechard
Philomena,Adoree,Smardon
Myrtle,Zahara,Shiel
Symon,Willi,Taffe
Avigdor,Howey,Forcer
Della,Fidela,Sandeford
Ave,Sheila,Depport
Benjy,Frieda,Jery
Bank,Ricki,Pirson
Eb,Gillian,Hirthe
Sasha,Germana,Fernehough
Abba,Eveline,Bucklee
Dulcinea,Percival,Ragbourn
Tasia,Meggy,Toler
Bonnibelle,Victoria,Curry
Frederique,Melinda,Golbourn
Alie,Royal,Bohje
Livvyy,Iolanthe,MacNab
Monika,Noe,Le Sarr
Janet,Farrell,Lant
Kalvin,Horatio,McKinn
Alie,Kirsteni,Payne
Florry,Antonella,Dwerryhouse
Fin,Marge,Steptow
Nomi,Guthry,Wedgbrow
Bertie,Millie,Kimmince
Noreen,Aubine,Flecknell
Pennie,Tori,Lenaghen
Barclay,Agata,Titt
Taite,Ronnie,Windaybank
Kati,Zachariah,Bachelar
Delmore,Falito,Joncic
Ermengarde,Ailina,Kennewell
Bibi,Joachim,deKnevet
Marna,Sheppard,Gylle
Melinda,Elna,Spatari
Hussein,Deck,McAllen
Boote,Gael,Paolotto
Horatius,Henka,Christall
Nicoline,Mareah,Portlock
Ruthanne,Liana,Tiffany
Kasey,Carlyle,Neathway
Micheil,Elmer,Mutter
Millicent,Desi,McNabb
Ashlen,Shirl,Coleiro
Bobbe,Jamal,Durdle
Lexy,Dana,Glitherow
Geoffrey,Margaretha,Gorick
Pepillo,Daven,Aspinwall
Shanon,Reinold,Andrei
Robin,Sanders,Dangerfield
Cornall,Kristofer,Fetherston
Jeniece,Mathian,Cumesky
Nathalie,Marillin,Bewshire
Donall,Rhianon,Esposito
Daryl,Terry,Jendrassik
Harwilll,Gavan,Rupprecht
Fonsie,Booth,Benezeit
Devonna,Donnie,Ximenez
Kermy,Traci,Lamblin
Violetta,Katrina,Eastham
Lynnelle,Lynne,Batting
Nolie,Isadore,Hickenbottom
Cliff,Paten,Thompson
Aarika,Bryn,Hexum
Bellina,Lorianne,Tyrwhitt
Jerrilee,Lura,McQuie
Michele,Alameda,Bugge
Birgit,Salaidh,Kinvig
Noelani,Malvin,Ettridge
Allistir,Miguel,Sprackling
Alfie,Antonius,Meanwell
Nappy,Jacinta,Deackes
Yetta,Wells,Dukes
Modesta,Marsha,Veronique
Annmarie,Myles,Jickells
Dotty,Cari,Francklyn
Stephi,Mead,MacCallister
Ernestine,Kellina,Gudde
Saundra,Nappy,Canet
Kristi,Garrik,De Gowe
Yale,Linn,Mitchenson
Florentia,Phillida,Normabell
Hilde,Benedick,Sharrier
Kipp,Emera,Highton
Aleda,Lyman,McAreavey
Mia,Ketty,Esson
Emmi,Mable,Chaulk
Tiffi,Marcile,Markey
Vilhelmina,Vladamir,Feveryear
Minni,Ransell,Zamudio
Hortensia,Gretchen,Gerbl
Reeva,Ashlan,Kibbe
Merle,Hildegarde,Tiuit
Danya,Egan,Ramsdale
Leeanne,Cullan,Tromans
Darrell,Heddie,Slyme
Ewen,Damiano,Brandone
Eolanda,Faunie,O'Tuohy
Flss,Lelia,Fields
Constantine,Delora,Jerdan
Emmalyn,Dagmar,Chalfain
Skipper,Stanfield,Gillam
Michaella,Marillin,Galfour
Kamillah,Park,Dowthwaite
Diego,Timotheus,Olekhov
Brock,Shelbi,Reasun
Elbertina,Borg,Carlsson
Gilberto,Coletta,Aberdeen
Kayla,Delcine,Rilings
Johna,Julio,Merton
Cleveland,Lianna,Mastrantone
Lauraine,Bastien,Waugh
Rosemaria,Lovell,Thon
Sanderson,Danni,Shrimpton
Olvan,Bevon,Halahan
Marena,Lindsay,Paling
Annie,Brynn,Kamall
Gavan,Livvyy,Knock
Leonie,Grata,Bawle
Whitney,Indira,Fentem
Lind,Nollie,Gregersen
Gretta,Boniface,Houliston
Leon,Jacquenette,Blandford
Maxie,Raddy,Huzzay
Felicle,Teresina,Swires
Delphine,Lilllie,Aldiss
Fielding,Griffie,Wintour
Michael,Juliet,De Wolfe
Raphael,Gunner,Greaser
Kamillah,Ulrica,Tandy
Jaquelin,Margalit,Tuke
Ara,Tamqrah,Dugdale
Reagen,Killy,Viant
Veradis,Gregorio,Conti
Fleming,Leanna,McGeown
Jodie,Clio,Stredder
Tatum,Dora,Bellon
Osgood,Natasha,Andryushchenko
Lilli,Rois,Dreinan
Kalil,Burgess,Trassler
Moritz,Adina,Radmer
Alyson,Wayland,Slavin
Eunice,Erin,Reede
Theodor,Cale,Boc
Frederico,Sybyl,Clarae
Humfrid,Nobe,Gascard
Noella,Quillan,Grzegorczyk
Danni,Arleta,Tunkin
Dodie,Fanchon,Beacock
Vassily,Nickola,Heindrich
Kiersten,Albert,Grieswood
North,Palmer,Fegan
Gannie,Beret,Lorking
Isabelita,Klara,Smartman
Jaquenetta,Lark,Mazin
Sheba,Kriste,Stidston
Melisse,Roobbie,Shilstone
Karyn,Malissia,Stollsteiner
Augustus,Ann-marie,Taudevin
Eadith,Artie,Toffanini
Randi,Shelton,Trounce
Robbie,Malvina,Kopke
Melosa,Orly,Maureen
Lynna,Pia,Verrell
Essa,Lind,Pruckner
Marlyn,Mathilde,Parrin
Gal,Zachariah,Ringe
Flem,Felisha,Dragge
Seymour,Becka,Sargent
Farlay,Raffaello,O' Culligan
Reade,Whitby,Curnow
Shani,Cherish,Glinde
Tabb,Modesta,Spridgeon
Adiana,Herta,Kinsett
Mathian,Ambrosio,Verney
Nathanil,Lisha,Dovydenas
Giorgi,Berti,MacIlory
Rubi,Nonna,Lassetter
Freddy,Adina,Shiel
Analiese,Thadeus,Smeeton
Bud,Rose,Letixier
Tomi,De witt,Muress
Cleavland,Celina,Dearnaley
Lazare,Bondon,Bennion
Carlita,Ania,Bowering
Dorothea,Micheline,Cattermull
Ty,Felix,Arger
Randa,Trudey,Tumayan
Dorothee,Margit,Kitter
Daisey,Lynnett,Vreede
Deanna,Emelia,Flaverty
Lynne,Cary,Heindl
Filmore,Amandie,Dullaghan
Lark,Mala,Daymond
Wainwright,Asia,Stickins
Harmon,Husein,Carrack
Katy,Olin,Newham
Bibi,Felizio,Willey
Garland,Donnajean,Hirtzmann
Jacobo,Fifine,Feldklein
Michel,Dorine,Neles
Quintin,Jeremie,Longfoot
Lay,Gwennie,Males
My,Josephine,Claffey
Leesa,Waite,Halesworth
Lindsey,Nonie,Hardington
Dylan,Jarib,Ivakhno
Mandy,Cedric,Litt
Sorcha,Cathy,Dredge
Hercules,Juline,Wayon
Arielle,Emmanuel,Doncom
Sharlene,Brigitte,Suermeier
Trix,Murray,de Najera
Sybila,Allard,Selwood
Keeley,Consalve,Vowden
Anna-diana,Johannah,Spottswood
Margie,Natassia,Goring
Davy,Morna,Woffinden
Rock,Hilton,China
Leigh,Rozelle,Thurber
Matti,Guillema,Matfin
Ashlee,Dyana,Vlasyuk
Vincenty,Alisa,Lots
Pansie,Alis,Johncey
Katherina,Kessia,Woodland
Blinny,Yevette,Rayson
Lenci,Anastasie,Stagg
Fredericka,Fedora,Frontczak
Enrico,Linnell,Fiddy
Kermy,Nike,Dy
Briny,Brnaby,Kittles
Tybalt,Dierdre,Arnson
Latashia,Sargent,Schneidar
Gipsy,Anatole,Klemke
Tabor,Titos,Halfhyde
Adda,Yancey,Calcut
Creighton,Garrik,Davis
Aimil,Orton,Klimkiewich
Regan,Grove,Leatherbarrow
Mead,Carlin,Roskams
Mallissa,Dannye,O'Keenan
Alfred,Joann,Jellard
Daryl,Dorotea,Moston
Tamra,Shelley,Reeman
Cloris,Clo,Stiles
Daloris,Arly,Yegorshin
Neil,Maxwell,Solomonides
Ulrika,Ina,Jephson
Erina,Nariko,Iacovuzzi
Arlette,Valentin,Tejero
Leone,Shem,Hinchcliffe
Krystalle,Francene,Watkiss
Gerald,Tadeas,Langcaster
Isadora,Raynard,Juster
Pippy,Seward,Hindenburg
Nariko,Preston,Ridesdale
Trix,Petunia,Mc Elory
Way,Harlin,Lunnon
June,Desiri,Coppard
Nathanial,Terry,Defau
Meghann,Merna,Sowood
Berny,Staford,Ibel
Neilla,Wright,Nott
Vanessa,Pryce,Siene
Talia,Sloan,Duer
Magdalena,Vittoria,Ciobutaru
Tamas,Nye,Sills
Dennison,Constantina,Conboy
Lilith,Rosene,Vaan
Deloris,Elfrieda,Eede
Sidonnie,Adelaide,Malacrida
Rickard,Elysee,Field
Koressa,Maddy,Lanceley
Cindee,Dewey,Pariss
Flori,Corby,Wardhough
Selie,Helenka,Kryszka
Stefa,Batsheva,Casaccio
Conway,Corissa,Ping
Lucienne,Cordelia,Manterfield
Lelia,Vern,Burlingham
Kimble,Domini,Ithell
Clareta,Vivi,Heake
Maye,Wylma,McKea
Cacilia,Adel,Matonin
Sydelle,Mercie,Helmke
Arlinda,Demetre,Whiteley
Diann,Bennie,Crich
Elva,Carmelia,Johnes
Antonie,Verena,Hargey
Brose,Amy,Mogra
Adair,Cordelie,Caselick
Aylmer,Gert,Scorah
Terrill,Dianne,Filipovic
Krista,Ofelia,Stowe
Colas,Nevsa,Abbots
Ursola,Ruprecht,Ketchell
Sally,Annadiana,Fursey
Reggi,Avril,Coleby
Daisie,Whittaker,Rodrigues
Fanni,Michal,Gregoletti
Devin,Archie,Pischoff
Shem,Vilma,Fley
Donal,Lonna,Luty
Nalani,Saxon,Oxnam
Thornie,Yankee,Checketts
Ramonda,Caleb,Ivatts
Darice,Lacy,Ezzy
Christophorus,Prescott,Pasley
Rodrigo,Lutero,Gyde
Veradis,Randall,Orr
Yanaton,Anastasie,Garrat
Erwin,Sheeree,Oakeby
Farlay,Shae,Issacov
Pincus,Jean,Richarz
Mitchell,Dion,Devil
Cassey,Bertie,Helsby
Gwenny,Steve,Christoffe
Hanny,Alwin,Vial
Melissa,Alvera,Baglan
Mortie,Dominik,Greatorex
Charlie,Robbie,Oliver
Codie,Laurie,Exton
Tommie,Anet,Abeau
Orv,Ricca,Kimbury
Barnard,Onfroi,Bellenie
Wilone,Eb,Greedyer
Elnora,Denver,Janota
Gabbie,Bendicty,Gathercole
Sallyann,Ardra,Meany
Shoshanna,Trina,Olley
Frans,Kilian,Oherlihy
Malvina,Agatha,Gooble
Quentin,Jerad,Langhor
Farr,Gusta,Brodbin
Ruperta,Joey,Giorgioni
Kirbie,Sergent,Haspineall
Stearne,Giustino,Northern
Anthony,Ibbie,Coldbreath
Brnaba,Billy,Kempe
Aldrich,Puff,Abrahamsen
Colleen,Marius,Biaggioni
Georg,Tades,Halfhead
Channa,Bobine,Thay
Kacey,Tally,Gentric
Geneva,Kristy,Leethem
Tiffy,Latashia,Brookes
Clint,Dev,Moughtin
Adina,Dun,Oliff
Thia,Kellyann,Birdseye
Giana,Clifford,Mossop
Fields,Herbert,Mussilli
Lucas,Peta,Sandbatch
Gabriela,Franchot,Hooke
Romola,Dorolice,Jammet
Louise,Louie,Brugsma
Demetri,Stanwood,Adlem
Naomi,Benedikta,McKeand
Tatiana,Fidela,Ivanisov
Francisca,Grier,Bonehill
Sylvia,Carlo,Haddington
Jo,Owen,Plews
Prissie,Rayner,Cust
Sara,Winslow,Cawdery
Talyah,Neall,Boken
Kristian,Whittaker,Sired
Godart,Selina,Beadles
Brandy,Rozelle,Durman
Vicky,Velvet,Lalonde
Del,Yuri,Jeavon
Anett,Grata,Stammler
Idette,Wilbur,Fowles
Kania,Matthieu,Tremelling
Jeramie,Elayne,Shervil
Adela,Ahmed,Eades
Lonny,Hyacinthie,Schirok
Teddy,Glennie,Blore
Kaia,Imogene,MacCole
Millicent,Tracie,Wiburn
Gustie,Killian,Parkinson
Laurence,Cristionna,Bulle
Forrest,Marcello,Grebert
Lonny,Marty,Line
Lettie,Elise,Daulton
Grover,Karla,Fenners
Al,Adore,Gianolini
Cherye,Jaquenetta,Harness
Allard,Luz,Goulden
Liz,Nolan,Penley
Weston,Bird,Andres
Nate,Linn,Stoving
Perren,Urban,Minchella
Betsey,Madge,Jiggen
Corabel,Dniren,Cadigan
Rosabelle,Paddy,Targett
Lorne,Cati,Augie
Gae,Naoma,Ballsdon
Shina,Orlan,Medling
Reade,Audie,Decreuze
Kamila,Tamqrah,Tennewell
Nessi,Mason,Menichi
Marline,Wilt,Dincke
Mallorie,Fraze,Mapples
Cathrin,Ronalda,Baudins
